birthDate,gender,id,name.0.family,name.0.given.0,resourceType
1952-01-01,unknown,patient-001,Family1,Given1,Patient
1988-01-01,male,patient-002,Family2,Given2,Patient
1959-01-01,male,patient-003,Family3,Given3,Patient
1979-01-01,unknown,patient-004,Family4,Given4,Patient
1993-01-01,male,patient-005,Family5,Given5,Patient
1993-01-01,male,patient-006,Family6,Given6,Patient
1961-01-01,unknown,patient-007,Family7,Given7,Patient
1980-01-01,male,patient-008,Family8,Given8,Patient
1947-01-01,male,patient-009,Family9,Given9,Patient
1969-01-01,male,patient-010,Family10,Given10,Patient
1987-01-01,male,patient-011,Family11,Given11,Patient
1991-01-01,unknown,patient-012,Family12,Given12,Patient
1980-01-01,unknown,patient-013,Family13,Given13,Patient
1970-01-01,female,patient-014,Family14,Given14,Patient
2001-01-01,female,patient-015,Family15,Given15,Patient
1980-01-01,unknown,patient-016,Family16,Given16,Patient
1968-01-01,female,patient-017,Family17,Given17,Patient
1954-01-01,male,patient-018,Family18,Given18,Patient
1983-01-01,female,patient-019,Family19,Given19,Patient
1988-01-01,male,patient-020,Family20,Given20,Patient
1974-01-01,male,patient-021,Family21,Given21,Patient
1977-01-01,male,patient-022,Family22,Given22,Patient
1983-01-01,unknown,patient-023,Family23,Given23,Patient
1983-01-01,male,patient-024,Family24,Given24,Patient
1960-01-01,female,patient-025,Family25,Given25,Patient
1993-01-01,male,patient-026,Family26,Given26,Patient
1961-01-01,male,patient-027,Family27,Given27,Patient
1989-01-01,unknown,patient-028,Family28,Given28,Patient
1968-01-01,unknown,patient-029,Family29,Given29,Patient
1946-01-01,female,patient-030,Family30,Given30,Patient
1948-01-01,unknown,patient-031,Family31,Given31,Patient
1987-01-01,female,patient-032,Family32,Given32,Patient
1981-01-01,unknown,patient-033,Family33,Given33,Patient
1972-01-01,unknown,patient-034,Family34,Given34,Patient
1988-01-01,male,patient-035,Family35,Given35,Patient
1960-01-01,male,patient-036,Family36,Given36,Patient
1974-01-01,female,patient-037,Family37,Given37,Patient
1950-01-01,male,patient-038,Family38,Given38,Patient
2002-01-01,female,patient-039,Family39,Given39,Patient
2004-01-01,female,patient-040,Family40,Given40,Patient
1995-01-01,unknown,patient-041,Family41,Given41,Patient
1948-01-01,male,patient-042,Family42,Given42,Patient
1948-01-01,male,patient-043,Family43,Given43,Patient
1999-01-01,male,patient-044,Family44,Given44,Patient
1970-01-01,male,patient-045,Family45,Given45,Patient
1982-01-01,unknown,patient-046,Family46,Given46,Patient
1960-01-01,female,patient-047,Family47,Given47,Patient
1974-01-01,male,patient-048,Family48,Given48,Patient
1953-01-01,female,patient-049,Family49,Given49,Patient
1998-01-01,female,patient-050,Family50,Given50,Patient
