birthDate,gender,id,name,resourceType
1952-01-01,unknown,patient-001,Family1,Patient
1988-01-01,male,patient-002,Family2,Patient
1959-01-01,male,patient-003,Family3,Patient
1979-01-01,unknown,patient-004,Family4,Patient
1993-01-01,male,patient-005,Family5,Patient
1993-01-01,male,patient-006,Family6,Patient
1961-01-01,unknown,patient-007,Family7,Patient
1980-01-01,male,patient-008,Family8,Patient
1947-01-01,male,patient-009,Family9,Patient
1969-01-01,male,patient-010,Family10,Patient
1987-01-01,male,patient-011,Family11,Patient
1991-01-01,unknown,patient-012,Family12,Patient
1980-01-01,unknown,patient-013,Family13,Patient
1970-01-01,female,patient-014,Family14,Patient
2001-01-01,female,patient-015,Family15,Patient
1980-01-01,unknown,patient-016,Family16,Patient
1968-01-01,female,patient-017,Family17,Patient
1954-01-01,male,patient-018,Family18,Patient
1983-01-01,female,patient-019,Family19,Patient
1988-01-01,male,patient-020,Family20,Patient
1974-01-01,male,patient-021,Family21,Patient
1977-01-01,male,patient-022,Family22,Patient
1983-01-01,unknown,patient-023,Family23,Patient
1983-01-01,male,patient-024,Family24,Patient
1960-01-01,female,patient-025,Family25,Patient
1993-01-01,male,patient-026,Family26,Patient
1961-01-01,male,patient-027,Family27,Patient
1989-01-01,unknown,patient-028,Family28,Patient
1968-01-01,unknown,patient-029,Family29,Patient
1946-01-01,female,patient-030,Family30,Patient
1948-01-01,unknown,patient-031,Family31,Patient
1987-01-01,female,patient-032,Family32,Patient
1981-01-01,unknown,patient-033,Family33,Patient
1972-01-01,unknown,patient-034,Family34,Patient
1988-01-01,male,patient-035,Family35,Patient
1960-01-01,male,patient-036,Family36,Patient
1974-01-01,female,patient-037,Family37,Patient
1950-01-01,male,patient-038,Family38,Patient
2002-01-01,female,patient-039,Family39,Patient
2004-01-01,female,patient-040,Family40,Patient
1995-01-01,unknown,patient-041,Family41,Patient
1948-01-01,male,patient-042,Family42,Patient
1948-01-01,male,patient-043,Family43,Patient
1999-01-01,male,patient-044,Family44,Patient
1970-01-01,male,patient-045,Family45,Patient
1982-01-01,unknown,patient-046,Family46,Patient
1960-01-01,female,patient-047,Family47,Patient
1974-01-01,male,patient-048,Family48,Patient
1953-01-01,female,patient-049,Family49,Patient
1998-01-01,female,patient-050,Family50,Patient
